{
  "patient": {
    "talk_ratio": 0.43397235361739833,
    "average_turn_length": 3.75965306122449,
    "median_turn_length": 2.329,
    "total_duration": 184.22300000000007
  },
  "clinician": {
    "talk_ratio": 0.5660276463826017,
    "average_turn_length": 4.004683333333333,
    "median_turn_length": 3.451,
    "total_duration": 240.28099999999998
  },
  "avg_pause_seconds": 1.7052659574468065,
  "median_pause_seconds": 1.6620000000000061,
  "interruption_count": 9,
  "total_turns": 109
}